Index,Pool,File,Name in BaseSpace,Temperature / nickname,# of Oligos,Front Illumina adapter,Front Index,Front Primer Sequence,Randomized Region,Front File ID,Payload,Back File ID,Back Primer Sequence,Back Index,Back Illumina Adapter 
A1,2,15,A1_Imagene_65_Run57,65,"7,373",AATGATACGGCGACCACCGAGATCTACAC,ATTACTCG,ACACTCTTTCCCTACACGACGCTCTTCCGATCT,25N,ACATTCCGTGCCATTGGATT,110,TCGGCAAATCGTTCCACAAA,TGCCAATGGAAGTTTCGTGA,TATAGCCT,ATCTCGTATGCCGTCTTCTGCTTG
A2,2,15,A2_Imagene_65_Run57,65,"7,373",AATGATACGGCGACCACCGAGATCTACAC,TCCGGAGA,ACACTCTTTCCCTACACGACGCTCTTCCGATCT,25N,ACATTCCGTGCCATTGGATT,110,TCGGCAAATCGTTCCACAAA,TGCCAATGGAAGTTTCGTGA,TATAGCCT,ATCTCGTATGCCGTCTTCTGCTTG
A3,2,15,A3_Imagene_65_Run57,65,"7,373",AATGATACGGCGACCACCGAGATCTACAC,CGCTCATT,ACACTCTTTCCCTACACGACGCTCTTCCGATCT,25N,ACATTCCGTGCCATTGGATT,110,TCGGCAAATCGTTCCACAAA,TGCCAATGGAAGTTTCGTGA,TATAGCCT,ATCTCGTATGCCGTCTTCTGCTTG
A4,2,15,A4_Imagene_75_Run57,75,"7,373",AATGATACGGCGACCACCGAGATCTACAC,GAGATTCC,ACACTCTTTCCCTACACGACGCTCTTCCGATCT,25N,ACATTCCGTGCCATTGGATT,110,TCGGCAAATCGTTCCACAAA,TGCCAATGGAAGTTTCGTGA,TATAGCCT,ATCTCGTATGCCGTCTTCTGCTTG
A5,2,15,A5_Imagene_75_Run57,75,"7,373",AATGATACGGCGACCACCGAGATCTACAC,ATTCAGAA,ACACTCTTTCCCTACACGACGCTCTTCCGATCT,25N,ACATTCCGTGCCATTGGATT,110,TCGGCAAATCGTTCCACAAA,TGCCAATGGAAGTTTCGTGA,TATAGCCT,ATCTCGTATGCCGTCTTCTGCTTG
A6,2,15,A6_Imagene_75_Run57,75,"7,373",AATGATACGGCGACCACCGAGATCTACAC,GAATTCGT,ACACTCTTTCCCTACACGACGCTCTTCCGATCT,25N,ACATTCCGTGCCATTGGATT,110,TCGGCAAATCGTTCCACAAA,TGCCAATGGAAGTTTCGTGA,TATAGCCT,ATCTCGTATGCCGTCTTCTGCTTG
A7,2,15,A7_Imagene_85_Run57,85,"7,373",AATGATACGGCGACCACCGAGATCTACAC,CTGAAGCT,ACACTCTTTCCCTACACGACGCTCTTCCGATCT,25N,ACATTCCGTGCCATTGGATT,110,TCGGCAAATCGTTCCACAAA,TGCCAATGGAAGTTTCGTGA,TATAGCCT,ATCTCGTATGCCGTCTTCTGCTTG
A8,2,15,A8_Imagene_85_Run57,85,"7,373",AATGATACGGCGACCACCGAGATCTACAC,TAATGCGC,ACACTCTTTCCCTACACGACGCTCTTCCGATCT,25N,ACATTCCGTGCCATTGGATT,110,TCGGCAAATCGTTCCACAAA,TGCCAATGGAAGTTTCGTGA,TATAGCCT,ATCTCGTATGCCGTCTTCTGCTTG
A9,2,15,A9_Imagene_85_Run57,85,"7,373",AATGATACGGCGACCACCGAGATCTACAC,CGGCTATG,ACACTCTTTCCCTACACGACGCTCTTCCGATCT,25N,ACATTCCGTGCCATTGGATT,110,TCGGCAAATCGTTCCACAAA,TGCCAATGGAAGTTTCGTGA,TATAGCCT,ATCTCGTATGCCGTCTTCTGCTTG
C1,2,15,C1_Sugars_65_Run57,65,"7,373",AATGATACGGCGACCACCGAGATCTACAC,ATTACTCG,ACACTCTTTCCCTACACGACGCTCTTCCGATCT,25N,ACATTCCGTGCCATTGGATT,110,TCGGCAAATCGTTCCACAAA,TGCCAATGGAAGTTTCGTGA,CCTATCCT,ATCTCGTATGCCGTCTTCTGCTTG
C2,2,15,C2_Sugars_65_Run57,65,"7,373",AATGATACGGCGACCACCGAGATCTACAC,TCCGGAGA,ACACTCTTTCCCTACACGACGCTCTTCCGATCT,25N,ACATTCCGTGCCATTGGATT,110,TCGGCAAATCGTTCCACAAA,TGCCAATGGAAGTTTCGTGA,CCTATCCT,ATCTCGTATGCCGTCTTCTGCTTG
C3,2,15,C3_Sugars_65_Run57,65,"7,373",AATGATACGGCGACCACCGAGATCTACAC,CGCTCATT,ACACTCTTTCCCTACACGACGCTCTTCCGATCT,25N,ACATTCCGTGCCATTGGATT,110,TCGGCAAATCGTTCCACAAA,TGCCAATGGAAGTTTCGTGA,CCTATCCT,ATCTCGTATGCCGTCTTCTGCTTG
C4,2,15,C4_Sugars_75_Run57,75,"7,373",AATGATACGGCGACCACCGAGATCTACAC,GAGATTCC,ACACTCTTTCCCTACACGACGCTCTTCCGATCT,25N,ACATTCCGTGCCATTGGATT,110,TCGGCAAATCGTTCCACAAA,TGCCAATGGAAGTTTCGTGA,CCTATCCT,ATCTCGTATGCCGTCTTCTGCTTG
C5,2,15,C5_Sugars_75_Run57,75,"7,373",AATGATACGGCGACCACCGAGATCTACAC,ATTCAGAA,ACACTCTTTCCCTACACGACGCTCTTCCGATCT,25N,ACATTCCGTGCCATTGGATT,110,TCGGCAAATCGTTCCACAAA,TGCCAATGGAAGTTTCGTGA,CCTATCCT,ATCTCGTATGCCGTCTTCTGCTTG
C6,2,15,C6_Sugars_75_Run57,75,"7,373",AATGATACGGCGACCACCGAGATCTACAC,GAATTCGT,ACACTCTTTCCCTACACGACGCTCTTCCGATCT,25N,ACATTCCGTGCCATTGGATT,110,TCGGCAAATCGTTCCACAAA,TGCCAATGGAAGTTTCGTGA,CCTATCCT,ATCTCGTATGCCGTCTTCTGCTTG
C10,2,15,C10_Trehalose_65_Run57,65,"7,373",AATGATACGGCGACCACCGAGATCTACAC,TCCGCGAA,ACACTCTTTCCCTACACGACGCTCTTCCGATCT,25N,ACATTCCGTGCCATTGGATT,110,TCGGCAAATCGTTCCACAAA,TGCCAATGGAAGTTTCGTGA,CCTATCCT,ATCTCGTATGCCGTCTTCTGCTTG
C11,2,15,C11_Trehalose_65_Run57,65,"7,373",AATGATACGGCGACCACCGAGATCTACAC,TCTCGCGC,ACACTCTTTCCCTACACGACGCTCTTCCGATCT,25N,ACATTCCGTGCCATTGGATT,110,TCGGCAAATCGTTCCACAAA,TGCCAATGGAAGTTTCGTGA,CCTATCCT,ATCTCGTATGCCGTCTTCTGCTTG
C12,2,15,C12_Trehalose_65_Run57,65,"7,373",AATGATACGGCGACCACCGAGATCTACAC,AGCGATAG,ACACTCTTTCCCTACACGACGCTCTTCCGATCT,25N,ACATTCCGTGCCATTGGATT,110,TCGGCAAATCGTTCCACAAA,TGCCAATGGAAGTTTCGTGA,CCTATCCT,ATCTCGTATGCCGTCTTCTGCTTG
D1,2,15,D1_Trehalose_75_Run57,75,"7,373",AATGATACGGCGACCACCGAGATCTACAC,ATTACTCG,ACACTCTTTCCCTACACGACGCTCTTCCGATCT,25N,ACATTCCGTGCCATTGGATT,110,TCGGCAAATCGTTCCACAAA,TGCCAATGGAAGTTTCGTGA,GGCTCTGA,ATCTCGTATGCCGTCTTCTGCTTG
D2,2,15,D2_Trehalose_75_Run57,75,"7,373",AATGATACGGCGACCACCGAGATCTACAC,TCCGGAGA,ACACTCTTTCCCTACACGACGCTCTTCCGATCT,25N,ACATTCCGTGCCATTGGATT,110,TCGGCAAATCGTTCCACAAA,TGCCAATGGAAGTTTCGTGA,GGCTCTGA,ATCTCGTATGCCGTCTTCTGCTTG
D3,2,15,D3_Trehalose_75_Run57,75,"7,373",AATGATACGGCGACCACCGAGATCTACAC,CGCTCATT,ACACTCTTTCCCTACACGACGCTCTTCCGATCT,25N,ACATTCCGTGCCATTGGATT,110,TCGGCAAATCGTTCCACAAA,TGCCAATGGAAGTTTCGTGA,GGCTCTGA,ATCTCGTATGCCGTCTTCTGCTTG
D7,2,15,D7_Filterpaper_65_Run57,65,"7,373",AATGATACGGCGACCACCGAGATCTACAC,CTGAAGCT,ACACTCTTTCCCTACACGACGCTCTTCCGATCT,25N,ACATTCCGTGCCATTGGATT,110,TCGGCAAATCGTTCCACAAA,TGCCAATGGAAGTTTCGTGA,GGCTCTGA,ATCTCGTATGCCGTCTTCTGCTTG
D8,2,15,D8_Filterpaper_65_Run57,65,"7,373",AATGATACGGCGACCACCGAGATCTACAC,TAATGCGC,ACACTCTTTCCCTACACGACGCTCTTCCGATCT,25N,ACATTCCGTGCCATTGGATT,110,TCGGCAAATCGTTCCACAAA,TGCCAATGGAAGTTTCGTGA,GGCTCTGA,ATCTCGTATGCCGTCTTCTGCTTG
D9,2,15,D9_Filterpaper_65_Run57,65,"7,373",AATGATACGGCGACCACCGAGATCTACAC,CGGCTATG,ACACTCTTTCCCTACACGACGCTCTTCCGATCT,25N,ACATTCCGTGCCATTGGATT,110,TCGGCAAATCGTTCCACAAA,TGCCAATGGAAGTTTCGTGA,GGCTCTGA,ATCTCGTATGCCGTCTTCTGCTTG
D10,2,15,D10_Filterpaper_75_Run57,75,"7,373",AATGATACGGCGACCACCGAGATCTACAC,TCCGCGAA,ACACTCTTTCCCTACACGACGCTCTTCCGATCT,25N,ACATTCCGTGCCATTGGATT,110,TCGGCAAATCGTTCCACAAA,TGCCAATGGAAGTTTCGTGA,GGCTCTGA,ATCTCGTATGCCGTCTTCTGCTTG
D11,2,15,D11_Filterpaper_75_Run57,75,"7,373",AATGATACGGCGACCACCGAGATCTACAC,TCTCGCGC,ACACTCTTTCCCTACACGACGCTCTTCCGATCT,25N,ACATTCCGTGCCATTGGATT,110,TCGGCAAATCGTTCCACAAA,TGCCAATGGAAGTTTCGTGA,GGCTCTGA,ATCTCGTATGCCGTCTTCTGCTTG
D12,2,15,D12_Filterpaper_75_Run57,75,"7,373",AATGATACGGCGACCACCGAGATCTACAC,AGCGATAG,ACACTCTTTCCCTACACGACGCTCTTCCGATCT,25N,ACATTCCGTGCCATTGGATT,110,TCGGCAAATCGTTCCACAAA,TGCCAATGGAAGTTTCGTGA,GGCTCTGA,ATCTCGTATGCCGTCTTCTGCTTG
E1,2,15,E1_Beads_DNAStable_65_Run57,65,"7,373",AATGATACGGCGACCACCGAGATCTACAC,ATTACTCG,ACACTCTTTCCCTACACGACGCTCTTCCGATCT,25N,ACATTCCGTGCCATTGGATT,110,TCGGCAAATCGTTCCACAAA,TGCCAATGGAAGTTTCGTGA,AGGCGAAG,ATCTCGTATGCCGTCTTCTGCTTG
E2,2,15,E2_Beads_DNAStable_65_Run57,65,"7,373",AATGATACGGCGACCACCGAGATCTACAC,TCCGGAGA,ACACTCTTTCCCTACACGACGCTCTTCCGATCT,25N,ACATTCCGTGCCATTGGATT,110,TCGGCAAATCGTTCCACAAA,TGCCAATGGAAGTTTCGTGA,AGGCGAAG,ATCTCGTATGCCGTCTTCTGCTTG
E3,2,15,E3_Beads_DNAStable_65_Run57,65,"7,373",AATGATACGGCGACCACCGAGATCTACAC,CGCTCATT,ACACTCTTTCCCTACACGACGCTCTTCCGATCT,25N,ACATTCCGTGCCATTGGATT,110,TCGGCAAATCGTTCCACAAA,TGCCAATGGAAGTTTCGTGA,AGGCGAAG,ATCTCGTATGCCGTCTTCTGCTTG
E4,2,15,E4_Beads_DNAStable_75_Run57,75,"7,373",AATGATACGGCGACCACCGAGATCTACAC,GAGATTCC,ACACTCTTTCCCTACACGACGCTCTTCCGATCT,25N,ACATTCCGTGCCATTGGATT,110,TCGGCAAATCGTTCCACAAA,TGCCAATGGAAGTTTCGTGA,AGGCGAAG,ATCTCGTATGCCGTCTTCTGCTTG
E5,2,15,E5_Beads_DNAStable_75_Run57,75,"7,373",AATGATACGGCGACCACCGAGATCTACAC,ATTCAGAA,ACACTCTTTCCCTACACGACGCTCTTCCGATCT,25N,ACATTCCGTGCCATTGGATT,110,TCGGCAAATCGTTCCACAAA,TGCCAATGGAAGTTTCGTGA,AGGCGAAG,ATCTCGTATGCCGTCTTCTGCTTG
E6,2,15,E6_Beads_DNAStable_75_Run57,75,"7,373",AATGATACGGCGACCACCGAGATCTACAC,GAATTCGT,ACACTCTTTCCCTACACGACGCTCTTCCGATCT,25N,ACATTCCGTGCCATTGGATT,110,TCGGCAAATCGTTCCACAAA,TGCCAATGGAAGTTTCGTGA,AGGCGAAG,ATCTCGTATGCCGTCTTCTGCTTG
E8,2,15,E8_Beads_DNAStable_85_Run57,85,"7,373",AATGATACGGCGACCACCGAGATCTACAC,TAATGCGC,ACACTCTTTCCCTACACGACGCTCTTCCGATCT,25N,ACATTCCGTGCCATTGGATT,110,TCGGCAAATCGTTCCACAAA,TGCCAATGGAAGTTTCGTGA,AGGCGAAG,ATCTCGTATGCCGTCTTCTGCTTG
E9,2,15,E9_Beads_DNAStable_85_Run57,85,"7,373",AATGATACGGCGACCACCGAGATCTACAC,CGGCTATG,ACACTCTTTCCCTACACGACGCTCTTCCGATCT,25N,ACATTCCGTGCCATTGGATT,110,TCGGCAAATCGTTCCACAAA,TGCCAATGGAAGTTTCGTGA,AGGCGAAG,ATCTCGTATGCCGTCTTCTGCTTG
F2,2,15,F2_Dried_65_Run57,65,"7,373",AATGATACGGCGACCACCGAGATCTACAC,TCCGGAGA,ACACTCTTTCCCTACACGACGCTCTTCCGATCT,25N,ACATTCCGTGCCATTGGATT,110,TCGGCAAATCGTTCCACAAA,TGCCAATGGAAGTTTCGTGA,TAATCTTA,ATCTCGTATGCCGTCTTCTGCTTG
F3,2,15,F3_Dried_65_Run57,65,"7,373",AATGATACGGCGACCACCGAGATCTACAC,CGCTCATT,ACACTCTTTCCCTACACGACGCTCTTCCGATCT,25N,ACATTCCGTGCCATTGGATT,110,TCGGCAAATCGTTCCACAAA,TGCCAATGGAAGTTTCGTGA,TAATCTTA,ATCTCGTATGCCGTCTTCTGCTTG
F6,2,15,F6_Dried_75_Run57,75,"7,373",AATGATACGGCGACCACCGAGATCTACAC,GAATTCGT,ACACTCTTTCCCTACACGACGCTCTTCCGATCT,25N,ACATTCCGTGCCATTGGATT,110,TCGGCAAATCGTTCCACAAA,TGCCAATGGAAGTTTCGTGA,TAATCTTA,ATCTCGTATGCCGTCTTCTGCTTG
F10,2,15,F10_DNAStable_65_Run57,65,"7,373",AATGATACGGCGACCACCGAGATCTACAC,TCCGCGAA,ACACTCTTTCCCTACACGACGCTCTTCCGATCT,25N,ACATTCCGTGCCATTGGATT,110,TCGGCAAATCGTTCCACAAA,TGCCAATGGAAGTTTCGTGA,TAATCTTA,ATCTCGTATGCCGTCTTCTGCTTG
F11,2,15,F11_DNAStable_65_Run57,65,"7,373",AATGATACGGCGACCACCGAGATCTACAC,TCTCGCGC,ACACTCTTTCCCTACACGACGCTCTTCCGATCT,25N,ACATTCCGTGCCATTGGATT,110,TCGGCAAATCGTTCCACAAA,TGCCAATGGAAGTTTCGTGA,TAATCTTA,ATCTCGTATGCCGTCTTCTGCTTG
F12,2,15,F12_DNAStable_65_Run57,65,"7,373",AATGATACGGCGACCACCGAGATCTACAC,AGCGATAG,ACACTCTTTCCCTACACGACGCTCTTCCGATCT,25N,ACATTCCGTGCCATTGGATT,110,TCGGCAAATCGTTCCACAAA,TGCCAATGGAAGTTTCGTGA,TAATCTTA,ATCTCGTATGCCGTCTTCTGCTTG
G1,2,15,G1_DNAStable_75_Run57,75,"7,373",AATGATACGGCGACCACCGAGATCTACAC,ATTACTCG,ACACTCTTTCCCTACACGACGCTCTTCCGATCT,25N,ACATTCCGTGCCATTGGATT,110,TCGGCAAATCGTTCCACAAA,TGCCAATGGAAGTTTCGTGA,CAGGACGT,ATCTCGTATGCCGTCTTCTGCTTG
G2,2,15,G2_DNAStable_75_Run57,75,"7,373",AATGATACGGCGACCACCGAGATCTACAC,TCCGGAGA,ACACTCTTTCCCTACACGACGCTCTTCCGATCT,25N,ACATTCCGTGCCATTGGATT,110,TCGGCAAATCGTTCCACAAA,TGCCAATGGAAGTTTCGTGA,CAGGACGT,ATCTCGTATGCCGTCTTCTGCTTG
G3,2,15,G3_DNAStable_75_Run57,75,"7,373",AATGATACGGCGACCACCGAGATCTACAC,CGCTCATT,ACACTCTTTCCCTACACGACGCTCTTCCGATCT,25N,ACATTCCGTGCCATTGGATT,110,TCGGCAAATCGTTCCACAAA,TGCCAATGGAAGTTTCGTGA,CAGGACGT,ATCTCGTATGCCGTCTTCTGCTTG
G4,2,15,G4_DNAStable_85_Run57,85,"7,373",AATGATACGGCGACCACCGAGATCTACAC,GAGATTCC,ACACTCTTTCCCTACACGACGCTCTTCCGATCT,25N,ACATTCCGTGCCATTGGATT,110,TCGGCAAATCGTTCCACAAA,TGCCAATGGAAGTTTCGTGA,CAGGACGT,ATCTCGTATGCCGTCTTCTGCTTG
G5,2,15,G5_DNAStable_85_Run57,85,"7,373",AATGATACGGCGACCACCGAGATCTACAC,ATTCAGAA,ACACTCTTTCCCTACACGACGCTCTTCCGATCT,25N,ACATTCCGTGCCATTGGATT,110,TCGGCAAATCGTTCCACAAA,TGCCAATGGAAGTTTCGTGA,CAGGACGT,ATCTCGTATGCCGTCTTCTGCTTG
G6,2,15,G6_DNAStable_85_Run57,85,"7,373",AATGATACGGCGACCACCGAGATCTACAC,GAATTCGT,ACACTCTTTCCCTACACGACGCTCTTCCGATCT,25N,ACATTCCGTGCCATTGGATT,110,TCGGCAAATCGTTCCACAAA,TGCCAATGGAAGTTTCGTGA,CAGGACGT,ATCTCGTATGCCGTCTTCTGCTTG
G7,2,15,G7_GenTegra_65_Run57,65,"7,373",AATGATACGGCGACCACCGAGATCTACAC,CTGAAGCT,ACACTCTTTCCCTACACGACGCTCTTCCGATCT,25N,ACATTCCGTGCCATTGGATT,110,TCGGCAAATCGTTCCACAAA,TGCCAATGGAAGTTTCGTGA,CAGGACGT,ATCTCGTATGCCGTCTTCTGCTTG
G8,2,15,G8_GenTegra_65_Run57,65,"7,373",AATGATACGGCGACCACCGAGATCTACAC,TAATGCGC,ACACTCTTTCCCTACACGACGCTCTTCCGATCT,25N,ACATTCCGTGCCATTGGATT,110,TCGGCAAATCGTTCCACAAA,TGCCAATGGAAGTTTCGTGA,CAGGACGT,ATCTCGTATGCCGTCTTCTGCTTG
G9,2,15,G9_GenTegra_65_Run57,65,"7,373",AATGATACGGCGACCACCGAGATCTACAC,CGGCTATG,ACACTCTTTCCCTACACGACGCTCTTCCGATCT,25N,ACATTCCGTGCCATTGGATT,110,TCGGCAAATCGTTCCACAAA,TGCCAATGGAAGTTTCGTGA,CAGGACGT,ATCTCGTATGCCGTCTTCTGCTTG
G10,2,15,G10_GenTegra_75_Run57,75,"7,373",AATGATACGGCGACCACCGAGATCTACAC,TCCGCGAA,ACACTCTTTCCCTACACGACGCTCTTCCGATCT,25N,ACATTCCGTGCCATTGGATT,110,TCGGCAAATCGTTCCACAAA,TGCCAATGGAAGTTTCGTGA,CAGGACGT,ATCTCGTATGCCGTCTTCTGCTTG
G11,2,15,G11_GenTegra_75_Run57,75,"7,373",AATGATACGGCGACCACCGAGATCTACAC,TCTCGCGC,ACACTCTTTCCCTACACGACGCTCTTCCGATCT,25N,ACATTCCGTGCCATTGGATT,110,TCGGCAAATCGTTCCACAAA,TGCCAATGGAAGTTTCGTGA,CAGGACGT,ATCTCGTATGCCGTCTTCTGCTTG
G12,2,15,G12_GenTegra_75_Run57,75,"7,373",AATGATACGGCGACCACCGAGATCTACAC,AGCGATAG,ACACTCTTTCCCTACACGACGCTCTTCCGATCT,25N,ACATTCCGTGCCATTGGATT,110,TCGGCAAATCGTTCCACAAA,TGCCAATGGAAGTTTCGTGA,CAGGACGT,ATCTCGTATGCCGTCTTCTGCTTG
H4,2,15,H4_DNAStablePCR_65_Run57,65,"7,373",AATGATACGGCGACCACCGAGATCTACAC,GAGATTCC,ACACTCTTTCCCTACACGACGCTCTTCCGATCT,25N,ACATTCCGTGCCATTGGATT,110,TCGGCAAATCGTTCCACAAA,TGCCAATGGAAGTTTCGTGA,GTACTGAC,ATCTCGTATGCCGTCTTCTGCTTG
H5,2,15,H5_DNAStablePCR_65_Run57,65,"7,373",AATGATACGGCGACCACCGAGATCTACAC,ATTCAGAA,ACACTCTTTCCCTACACGACGCTCTTCCGATCT,25N,ACATTCCGTGCCATTGGATT,110,TCGGCAAATCGTTCCACAAA,TGCCAATGGAAGTTTCGTGA,GTACTGAC,ATCTCGTATGCCGTCTTCTGCTTG
H6,2,15,H6_DNAStablePCR_65_Run57,65,"7,373",AATGATACGGCGACCACCGAGATCTACAC,GAATTCGT,ACACTCTTTCCCTACACGACGCTCTTCCGATCT,25N,ACATTCCGTGCCATTGGATT,110,TCGGCAAATCGTTCCACAAA,TGCCAATGGAAGTTTCGTGA,GTACTGAC,ATCTCGTATGCCGTCTTCTGCTTG
H7,2,15,H7_DNAStablePCR_75_Run57,75,"7,373",AATGATACGGCGACCACCGAGATCTACAC,CTGAAGCT,ACACTCTTTCCCTACACGACGCTCTTCCGATCT,25N,ACATTCCGTGCCATTGGATT,110,TCGGCAAATCGTTCCACAAA,TGCCAATGGAAGTTTCGTGA,GTACTGAC,ATCTCGTATGCCGTCTTCTGCTTG
H8,2,15,H8_DNAStablePCR_75_Run57,75,"7,373",AATGATACGGCGACCACCGAGATCTACAC,TAATGCGC,ACACTCTTTCCCTACACGACGCTCTTCCGATCT,25N,ACATTCCGTGCCATTGGATT,110,TCGGCAAATCGTTCCACAAA,TGCCAATGGAAGTTTCGTGA,GTACTGAC,ATCTCGTATGCCGTCTTCTGCTTG
H9,2,15,H9_DNAStablePCR_75_Run57,75,"7,373",AATGATACGGCGACCACCGAGATCTACAC,CGGCTATG,ACACTCTTTCCCTACACGACGCTCTTCCGATCT,25N,ACATTCCGTGCCATTGGATT,110,TCGGCAAATCGTTCCACAAA,TGCCAATGGAAGTTTCGTGA,GTACTGAC,ATCTCGTATGCCGTCTTCTGCTTG
H10,2,15,H10_DNAStablePCR_85_Run57,85,"7,373",AATGATACGGCGACCACCGAGATCTACAC,TCCGCGAA,ACACTCTTTCCCTACACGACGCTCTTCCGATCT,25N,ACATTCCGTGCCATTGGATT,110,TCGGCAAATCGTTCCACAAA,TGCCAATGGAAGTTTCGTGA,GTACTGAC,ATCTCGTATGCCGTCTTCTGCTTG
H11,2,15,H11_DNAStablePCR_85_Run57,85,"7,373",AATGATACGGCGACCACCGAGATCTACAC,TCTCGCGC,ACACTCTTTCCCTACACGACGCTCTTCCGATCT,25N,ACATTCCGTGCCATTGGATT,110,TCGGCAAATCGTTCCACAAA,TGCCAATGGAAGTTTCGTGA,GTACTGAC,ATCTCGTATGCCGTCTTCTGCTTG
H12,2,15,H12_DNAStablePCR_85_Run57,85,"7,373",AATGATACGGCGACCACCGAGATCTACAC,AGCGATAG,ACACTCTTTCCCTACACGACGCTCTTCCGATCT,25N,ACATTCCGTGCCATTGGATT,110,TCGGCAAATCGTTCCACAAA,TGCCAATGGAAGTTTCGTGA,GTACTGAC,ATCTCGTATGCCGTCTTCTGCTTG
A1,1,8,A1_Imagene_65_Run57,65,"21,601",AATGATACGGCGACCACCGAGATCTACAC,ATTACTCG,ACACTCTTTCCCTACACGACGCTCTTCCGATCT,25N,TTCGTTCGTCGTTGATTGGT,110,AAACGGAGCCATGAGTTTGT,TGCCAATGGAAGTTTCGTGA,TATAGCCT,ATCTCGTATGCCGTCTTCTGCTTG
A2,1,8,A2_Imagene_65_Run57,65,"21,601",AATGATACGGCGACCACCGAGATCTACAC,TCCGGAGA,ACACTCTTTCCCTACACGACGCTCTTCCGATCT,25N,TTCGTTCGTCGTTGATTGGT,110,AAACGGAGCCATGAGTTTGT,TGCCAATGGAAGTTTCGTGA,TATAGCCT,ATCTCGTATGCCGTCTTCTGCTTG
A3,1,8,A3_Imagene_65_Run57,65,"21,601",AATGATACGGCGACCACCGAGATCTACAC,CGCTCATT,ACACTCTTTCCCTACACGACGCTCTTCCGATCT,25N,TTCGTTCGTCGTTGATTGGT,110,AAACGGAGCCATGAGTTTGT,TGCCAATGGAAGTTTCGTGA,TATAGCCT,ATCTCGTATGCCGTCTTCTGCTTG
A4,1,8,A4_Imagene_75_Run57,75,"21,601",AATGATACGGCGACCACCGAGATCTACAC,GAGATTCC,ACACTCTTTCCCTACACGACGCTCTTCCGATCT,25N,TTCGTTCGTCGTTGATTGGT,110,AAACGGAGCCATGAGTTTGT,TGCCAATGGAAGTTTCGTGA,TATAGCCT,ATCTCGTATGCCGTCTTCTGCTTG
A5,1,8,A5_Imagene_75_Run57,75,"21,601",AATGATACGGCGACCACCGAGATCTACAC,ATTCAGAA,ACACTCTTTCCCTACACGACGCTCTTCCGATCT,25N,TTCGTTCGTCGTTGATTGGT,110,AAACGGAGCCATGAGTTTGT,TGCCAATGGAAGTTTCGTGA,TATAGCCT,ATCTCGTATGCCGTCTTCTGCTTG
A6,1,8,A6_Imagene_75_Run57,75,"21,601",AATGATACGGCGACCACCGAGATCTACAC,GAATTCGT,ACACTCTTTCCCTACACGACGCTCTTCCGATCT,25N,TTCGTTCGTCGTTGATTGGT,110,AAACGGAGCCATGAGTTTGT,TGCCAATGGAAGTTTCGTGA,TATAGCCT,ATCTCGTATGCCGTCTTCTGCTTG
A7,1,8,A7_Imagene_85_Run57,85,"21,601",AATGATACGGCGACCACCGAGATCTACAC,CTGAAGCT,ACACTCTTTCCCTACACGACGCTCTTCCGATCT,25N,TTCGTTCGTCGTTGATTGGT,110,AAACGGAGCCATGAGTTTGT,TGCCAATGGAAGTTTCGTGA,TATAGCCT,ATCTCGTATGCCGTCTTCTGCTTG
A8,1,8,A8_Imagene_85_Run57,85,"21,601",AATGATACGGCGACCACCGAGATCTACAC,TAATGCGC,ACACTCTTTCCCTACACGACGCTCTTCCGATCT,25N,TTCGTTCGTCGTTGATTGGT,110,AAACGGAGCCATGAGTTTGT,TGCCAATGGAAGTTTCGTGA,TATAGCCT,ATCTCGTATGCCGTCTTCTGCTTG
A9,1,8,A9_Imagene_85_Run57,85,"21,601",AATGATACGGCGACCACCGAGATCTACAC,CGGCTATG,ACACTCTTTCCCTACACGACGCTCTTCCGATCT,25N,TTCGTTCGTCGTTGATTGGT,110,AAACGGAGCCATGAGTTTGT,TGCCAATGGAAGTTTCGTGA,TATAGCCT,ATCTCGTATGCCGTCTTCTGCTTG
C1,1,8,C1_Sugars_65_Run57,65,"21,601",AATGATACGGCGACCACCGAGATCTACAC,ATTACTCG,ACACTCTTTCCCTACACGACGCTCTTCCGATCT,25N,TTCGTTCGTCGTTGATTGGT,110,AAACGGAGCCATGAGTTTGT,TGCCAATGGAAGTTTCGTGA,CCTATCCT,ATCTCGTATGCCGTCTTCTGCTTG
C2,1,8,C2_Sugars_65_Run57,65,"21,601",AATGATACGGCGACCACCGAGATCTACAC,TCCGGAGA,ACACTCTTTCCCTACACGACGCTCTTCCGATCT,25N,TTCGTTCGTCGTTGATTGGT,110,AAACGGAGCCATGAGTTTGT,TGCCAATGGAAGTTTCGTGA,CCTATCCT,ATCTCGTATGCCGTCTTCTGCTTG
C3,1,8,C3_Sugars_65_Run57,65,"21,601",AATGATACGGCGACCACCGAGATCTACAC,CGCTCATT,ACACTCTTTCCCTACACGACGCTCTTCCGATCT,25N,TTCGTTCGTCGTTGATTGGT,110,AAACGGAGCCATGAGTTTGT,TGCCAATGGAAGTTTCGTGA,CCTATCCT,ATCTCGTATGCCGTCTTCTGCTTG
C4,1,8,C4_Sugars_75_Run57,75,"21,601",AATGATACGGCGACCACCGAGATCTACAC,GAGATTCC,ACACTCTTTCCCTACACGACGCTCTTCCGATCT,25N,TTCGTTCGTCGTTGATTGGT,110,AAACGGAGCCATGAGTTTGT,TGCCAATGGAAGTTTCGTGA,CCTATCCT,ATCTCGTATGCCGTCTTCTGCTTG
C5,1,8,C5_Sugars_75_Run57,75,"21,601",AATGATACGGCGACCACCGAGATCTACAC,ATTCAGAA,ACACTCTTTCCCTACACGACGCTCTTCCGATCT,25N,TTCGTTCGTCGTTGATTGGT,110,AAACGGAGCCATGAGTTTGT,TGCCAATGGAAGTTTCGTGA,CCTATCCT,ATCTCGTATGCCGTCTTCTGCTTG
C6,1,8,C6_Sugars_75_Run57,75,"21,601",AATGATACGGCGACCACCGAGATCTACAC,GAATTCGT,ACACTCTTTCCCTACACGACGCTCTTCCGATCT,25N,TTCGTTCGTCGTTGATTGGT,110,AAACGGAGCCATGAGTTTGT,TGCCAATGGAAGTTTCGTGA,CCTATCCT,ATCTCGTATGCCGTCTTCTGCTTG
C10,1,8,C10_Trehalose_65_Run57,65,"21,601",AATGATACGGCGACCACCGAGATCTACAC,TCCGCGAA,ACACTCTTTCCCTACACGACGCTCTTCCGATCT,25N,TTCGTTCGTCGTTGATTGGT,110,AAACGGAGCCATGAGTTTGT,TGCCAATGGAAGTTTCGTGA,CCTATCCT,ATCTCGTATGCCGTCTTCTGCTTG
C11,1,8,C11_Trehalose_65_Run57,65,"21,601",AATGATACGGCGACCACCGAGATCTACAC,TCTCGCGC,ACACTCTTTCCCTACACGACGCTCTTCCGATCT,25N,TTCGTTCGTCGTTGATTGGT,110,AAACGGAGCCATGAGTTTGT,TGCCAATGGAAGTTTCGTGA,CCTATCCT,ATCTCGTATGCCGTCTTCTGCTTG
C12,1,8,C12_Trehalose_65_Run57,65,"21,601",AATGATACGGCGACCACCGAGATCTACAC,AGCGATAG,ACACTCTTTCCCTACACGACGCTCTTCCGATCT,25N,TTCGTTCGTCGTTGATTGGT,110,AAACGGAGCCATGAGTTTGT,TGCCAATGGAAGTTTCGTGA,CCTATCCT,ATCTCGTATGCCGTCTTCTGCTTG
D1,1,8,D1_Trehalose_75_Run57,75,"21,601",AATGATACGGCGACCACCGAGATCTACAC,ATTACTCG,ACACTCTTTCCCTACACGACGCTCTTCCGATCT,25N,TTCGTTCGTCGTTGATTGGT,110,AAACGGAGCCATGAGTTTGT,TGCCAATGGAAGTTTCGTGA,GGCTCTGA,ATCTCGTATGCCGTCTTCTGCTTG
D2,1,8,D2_Trehalose_75_Run57,75,"21,601",AATGATACGGCGACCACCGAGATCTACAC,TCCGGAGA,ACACTCTTTCCCTACACGACGCTCTTCCGATCT,25N,TTCGTTCGTCGTTGATTGGT,110,AAACGGAGCCATGAGTTTGT,TGCCAATGGAAGTTTCGTGA,GGCTCTGA,ATCTCGTATGCCGTCTTCTGCTTG
D3,1,8,D3_Trehalose_75_Run57,75,"21,601",AATGATACGGCGACCACCGAGATCTACAC,CGCTCATT,ACACTCTTTCCCTACACGACGCTCTTCCGATCT,25N,TTCGTTCGTCGTTGATTGGT,110,AAACGGAGCCATGAGTTTGT,TGCCAATGGAAGTTTCGTGA,GGCTCTGA,ATCTCGTATGCCGTCTTCTGCTTG
D7,1,8,D7_Filterpaper_65_Run57,65,"21,601",AATGATACGGCGACCACCGAGATCTACAC,CTGAAGCT,ACACTCTTTCCCTACACGACGCTCTTCCGATCT,25N,TTCGTTCGTCGTTGATTGGT,110,AAACGGAGCCATGAGTTTGT,TGCCAATGGAAGTTTCGTGA,GGCTCTGA,ATCTCGTATGCCGTCTTCTGCTTG
D8,1,8,D8_Filterpaper_65_Run57,65,"21,601",AATGATACGGCGACCACCGAGATCTACAC,TAATGCGC,ACACTCTTTCCCTACACGACGCTCTTCCGATCT,25N,TTCGTTCGTCGTTGATTGGT,110,AAACGGAGCCATGAGTTTGT,TGCCAATGGAAGTTTCGTGA,GGCTCTGA,ATCTCGTATGCCGTCTTCTGCTTG
D9,1,8,D9_Filterpaper_65_Run57,65,"21,601",AATGATACGGCGACCACCGAGATCTACAC,CGGCTATG,ACACTCTTTCCCTACACGACGCTCTTCCGATCT,25N,TTCGTTCGTCGTTGATTGGT,110,AAACGGAGCCATGAGTTTGT,TGCCAATGGAAGTTTCGTGA,GGCTCTGA,ATCTCGTATGCCGTCTTCTGCTTG
D10,1,8,D10_Filterpaper_75_Run57,75,"21,601",AATGATACGGCGACCACCGAGATCTACAC,TCCGCGAA,ACACTCTTTCCCTACACGACGCTCTTCCGATCT,25N,TTCGTTCGTCGTTGATTGGT,110,AAACGGAGCCATGAGTTTGT,TGCCAATGGAAGTTTCGTGA,GGCTCTGA,ATCTCGTATGCCGTCTTCTGCTTG
D11,1,8,D11_Filterpaper_75_Run57,75,"21,601",AATGATACGGCGACCACCGAGATCTACAC,TCTCGCGC,ACACTCTTTCCCTACACGACGCTCTTCCGATCT,25N,TTCGTTCGTCGTTGATTGGT,110,AAACGGAGCCATGAGTTTGT,TGCCAATGGAAGTTTCGTGA,GGCTCTGA,ATCTCGTATGCCGTCTTCTGCTTG
D12,1,8,D12_Filterpaper_75_Run57,75,"21,601",AATGATACGGCGACCACCGAGATCTACAC,AGCGATAG,ACACTCTTTCCCTACACGACGCTCTTCCGATCT,25N,TTCGTTCGTCGTTGATTGGT,110,AAACGGAGCCATGAGTTTGT,TGCCAATGGAAGTTTCGTGA,GGCTCTGA,ATCTCGTATGCCGTCTTCTGCTTG
E1,1,8,E1_Beads_DNAStable_65_Run57,65,"21,601",AATGATACGGCGACCACCGAGATCTACAC,ATTACTCG,ACACTCTTTCCCTACACGACGCTCTTCCGATCT,25N,TTCGTTCGTCGTTGATTGGT,110,AAACGGAGCCATGAGTTTGT,TGCCAATGGAAGTTTCGTGA,AGGCGAAG,ATCTCGTATGCCGTCTTCTGCTTG
E2,1,8,E2_Beads_DNAStable_65_Run57,65,"21,601",AATGATACGGCGACCACCGAGATCTACAC,TCCGGAGA,ACACTCTTTCCCTACACGACGCTCTTCCGATCT,25N,TTCGTTCGTCGTTGATTGGT,110,AAACGGAGCCATGAGTTTGT,TGCCAATGGAAGTTTCGTGA,AGGCGAAG,ATCTCGTATGCCGTCTTCTGCTTG
E3,1,8,E3_Beads_DNAStable_65_Run57,65,"21,601",AATGATACGGCGACCACCGAGATCTACAC,CGCTCATT,ACACTCTTTCCCTACACGACGCTCTTCCGATCT,25N,TTCGTTCGTCGTTGATTGGT,110,AAACGGAGCCATGAGTTTGT,TGCCAATGGAAGTTTCGTGA,AGGCGAAG,ATCTCGTATGCCGTCTTCTGCTTG
E4,1,8,E4_Beads_DNAStable_75_Run57,75,"21,601",AATGATACGGCGACCACCGAGATCTACAC,GAGATTCC,ACACTCTTTCCCTACACGACGCTCTTCCGATCT,25N,TTCGTTCGTCGTTGATTGGT,110,AAACGGAGCCATGAGTTTGT,TGCCAATGGAAGTTTCGTGA,AGGCGAAG,ATCTCGTATGCCGTCTTCTGCTTG
E5,1,8,E5_Beads_DNAStable_75_Run57,75,"21,601",AATGATACGGCGACCACCGAGATCTACAC,ATTCAGAA,ACACTCTTTCCCTACACGACGCTCTTCCGATCT,25N,TTCGTTCGTCGTTGATTGGT,110,AAACGGAGCCATGAGTTTGT,TGCCAATGGAAGTTTCGTGA,AGGCGAAG,ATCTCGTATGCCGTCTTCTGCTTG
E6,1,8,E6_Beads_DNAStable_75_Run57,75,"21,601",AATGATACGGCGACCACCGAGATCTACAC,GAATTCGT,ACACTCTTTCCCTACACGACGCTCTTCCGATCT,25N,TTCGTTCGTCGTTGATTGGT,110,AAACGGAGCCATGAGTTTGT,TGCCAATGGAAGTTTCGTGA,AGGCGAAG,ATCTCGTATGCCGTCTTCTGCTTG
E8,1,8,E8_Beads_DNAStable_85_Run57,85,"21,601",AATGATACGGCGACCACCGAGATCTACAC,TAATGCGC,ACACTCTTTCCCTACACGACGCTCTTCCGATCT,25N,TTCGTTCGTCGTTGATTGGT,110,AAACGGAGCCATGAGTTTGT,TGCCAATGGAAGTTTCGTGA,AGGCGAAG,ATCTCGTATGCCGTCTTCTGCTTG
E9,1,8,E9_Beads_DNAStable_85_Run57,85,"21,601",AATGATACGGCGACCACCGAGATCTACAC,CGGCTATG,ACACTCTTTCCCTACACGACGCTCTTCCGATCT,25N,TTCGTTCGTCGTTGATTGGT,110,AAACGGAGCCATGAGTTTGT,TGCCAATGGAAGTTTCGTGA,AGGCGAAG,ATCTCGTATGCCGTCTTCTGCTTG
F2,1,8,F2_Dried_65_Run57,65,"21,601",AATGATACGGCGACCACCGAGATCTACAC,TCCGGAGA,ACACTCTTTCCCTACACGACGCTCTTCCGATCT,25N,TTCGTTCGTCGTTGATTGGT,110,AAACGGAGCCATGAGTTTGT,TGCCAATGGAAGTTTCGTGA,TAATCTTA,ATCTCGTATGCCGTCTTCTGCTTG
F3,1,8,F3_Dried_65_Run57,65,"21,601",AATGATACGGCGACCACCGAGATCTACAC,CGCTCATT,ACACTCTTTCCCTACACGACGCTCTTCCGATCT,25N,TTCGTTCGTCGTTGATTGGT,110,AAACGGAGCCATGAGTTTGT,TGCCAATGGAAGTTTCGTGA,TAATCTTA,ATCTCGTATGCCGTCTTCTGCTTG
F6,1,8,F6_Dried_75_Run57,75,"21,601",AATGATACGGCGACCACCGAGATCTACAC,GAATTCGT,ACACTCTTTCCCTACACGACGCTCTTCCGATCT,25N,TTCGTTCGTCGTTGATTGGT,110,AAACGGAGCCATGAGTTTGT,TGCCAATGGAAGTTTCGTGA,TAATCTTA,ATCTCGTATGCCGTCTTCTGCTTG
F10,1,8,F10_DNAStable_65_Run57,65,"21,601",AATGATACGGCGACCACCGAGATCTACAC,TCCGCGAA,ACACTCTTTCCCTACACGACGCTCTTCCGATCT,25N,TTCGTTCGTCGTTGATTGGT,110,AAACGGAGCCATGAGTTTGT,TGCCAATGGAAGTTTCGTGA,TAATCTTA,ATCTCGTATGCCGTCTTCTGCTTG
F11,1,8,F11_DNAStable_65_Run57,65,"21,601",AATGATACGGCGACCACCGAGATCTACAC,TCTCGCGC,ACACTCTTTCCCTACACGACGCTCTTCCGATCT,25N,TTCGTTCGTCGTTGATTGGT,110,AAACGGAGCCATGAGTTTGT,TGCCAATGGAAGTTTCGTGA,TAATCTTA,ATCTCGTATGCCGTCTTCTGCTTG
F12,1,8,F12_DNAStable_65_Run57,65,"21,601",AATGATACGGCGACCACCGAGATCTACAC,AGCGATAG,ACACTCTTTCCCTACACGACGCTCTTCCGATCT,25N,TTCGTTCGTCGTTGATTGGT,110,AAACGGAGCCATGAGTTTGT,TGCCAATGGAAGTTTCGTGA,TAATCTTA,ATCTCGTATGCCGTCTTCTGCTTG
G1,1,8,G1_DNAStable_75_Run57,75,"21,601",AATGATACGGCGACCACCGAGATCTACAC,ATTACTCG,ACACTCTTTCCCTACACGACGCTCTTCCGATCT,25N,TTCGTTCGTCGTTGATTGGT,110,AAACGGAGCCATGAGTTTGT,TGCCAATGGAAGTTTCGTGA,CAGGACGT,ATCTCGTATGCCGTCTTCTGCTTG
G2,1,8,G2_DNAStable_75_Run57,75,"21,601",AATGATACGGCGACCACCGAGATCTACAC,TCCGGAGA,ACACTCTTTCCCTACACGACGCTCTTCCGATCT,25N,TTCGTTCGTCGTTGATTGGT,110,AAACGGAGCCATGAGTTTGT,TGCCAATGGAAGTTTCGTGA,CAGGACGT,ATCTCGTATGCCGTCTTCTGCTTG
G3,1,8,G3_DNAStable_75_Run57,75,"21,601",AATGATACGGCGACCACCGAGATCTACAC,CGCTCATT,ACACTCTTTCCCTACACGACGCTCTTCCGATCT,25N,TTCGTTCGTCGTTGATTGGT,110,AAACGGAGCCATGAGTTTGT,TGCCAATGGAAGTTTCGTGA,CAGGACGT,ATCTCGTATGCCGTCTTCTGCTTG
G4,1,8,G4_DNAStable_85_Run57,85,"21,601",AATGATACGGCGACCACCGAGATCTACAC,GAGATTCC,ACACTCTTTCCCTACACGACGCTCTTCCGATCT,25N,TTCGTTCGTCGTTGATTGGT,110,AAACGGAGCCATGAGTTTGT,TGCCAATGGAAGTTTCGTGA,CAGGACGT,ATCTCGTATGCCGTCTTCTGCTTG
G5,1,8,G5_DNAStable_85_Run57,85,"21,601",AATGATACGGCGACCACCGAGATCTACAC,ATTCAGAA,ACACTCTTTCCCTACACGACGCTCTTCCGATCT,25N,TTCGTTCGTCGTTGATTGGT,110,AAACGGAGCCATGAGTTTGT,TGCCAATGGAAGTTTCGTGA,CAGGACGT,ATCTCGTATGCCGTCTTCTGCTTG
G6,1,8,G6_DNAStable_85_Run57,85,"21,601",AATGATACGGCGACCACCGAGATCTACAC,GAATTCGT,ACACTCTTTCCCTACACGACGCTCTTCCGATCT,25N,TTCGTTCGTCGTTGATTGGT,110,AAACGGAGCCATGAGTTTGT,TGCCAATGGAAGTTTCGTGA,CAGGACGT,ATCTCGTATGCCGTCTTCTGCTTG
G7,1,8,G7_GenTegra_65_Run57,65,"21,601",AATGATACGGCGACCACCGAGATCTACAC,CTGAAGCT,ACACTCTTTCCCTACACGACGCTCTTCCGATCT,25N,TTCGTTCGTCGTTGATTGGT,110,AAACGGAGCCATGAGTTTGT,TGCCAATGGAAGTTTCGTGA,CAGGACGT,ATCTCGTATGCCGTCTTCTGCTTG
G8,1,8,G8_GenTegra_65_Run57,65,"21,601",AATGATACGGCGACCACCGAGATCTACAC,TAATGCGC,ACACTCTTTCCCTACACGACGCTCTTCCGATCT,25N,TTCGTTCGTCGTTGATTGGT,110,AAACGGAGCCATGAGTTTGT,TGCCAATGGAAGTTTCGTGA,CAGGACGT,ATCTCGTATGCCGTCTTCTGCTTG
G9,1,8,G9_GenTegra_65_Run57,65,"21,601",AATGATACGGCGACCACCGAGATCTACAC,CGGCTATG,ACACTCTTTCCCTACACGACGCTCTTCCGATCT,25N,TTCGTTCGTCGTTGATTGGT,110,AAACGGAGCCATGAGTTTGT,TGCCAATGGAAGTTTCGTGA,CAGGACGT,ATCTCGTATGCCGTCTTCTGCTTG
G10,1,8,G10_GenTegra_75_Run57,75,"21,601",AATGATACGGCGACCACCGAGATCTACAC,TCCGCGAA,ACACTCTTTCCCTACACGACGCTCTTCCGATCT,25N,TTCGTTCGTCGTTGATTGGT,110,AAACGGAGCCATGAGTTTGT,TGCCAATGGAAGTTTCGTGA,CAGGACGT,ATCTCGTATGCCGTCTTCTGCTTG
G11,1,8,G11_GenTegra_75_Run57,75,"21,601",AATGATACGGCGACCACCGAGATCTACAC,TCTCGCGC,ACACTCTTTCCCTACACGACGCTCTTCCGATCT,25N,TTCGTTCGTCGTTGATTGGT,110,AAACGGAGCCATGAGTTTGT,TGCCAATGGAAGTTTCGTGA,CAGGACGT,ATCTCGTATGCCGTCTTCTGCTTG
G12,1,8,G12_GenTegra_75_Run57,75,"21,601",AATGATACGGCGACCACCGAGATCTACAC,AGCGATAG,ACACTCTTTCCCTACACGACGCTCTTCCGATCT,25N,TTCGTTCGTCGTTGATTGGT,110,AAACGGAGCCATGAGTTTGT,TGCCAATGGAAGTTTCGTGA,CAGGACGT,ATCTCGTATGCCGTCTTCTGCTTG
H4,1,8,H4_DNAStablePCR_65_Run57,65,"21,601",AATGATACGGCGACCACCGAGATCTACAC,GAGATTCC,ACACTCTTTCCCTACACGACGCTCTTCCGATCT,25N,TTCGTTCGTCGTTGATTGGT,110,AAACGGAGCCATGAGTTTGT,TGCCAATGGAAGTTTCGTGA,GTACTGAC,ATCTCGTATGCCGTCTTCTGCTTG
H5,1,8,H5_DNAStablePCR_65_Run57,65,"21,601",AATGATACGGCGACCACCGAGATCTACAC,ATTCAGAA,ACACTCTTTCCCTACACGACGCTCTTCCGATCT,25N,TTCGTTCGTCGTTGATTGGT,110,AAACGGAGCCATGAGTTTGT,TGCCAATGGAAGTTTCGTGA,GTACTGAC,ATCTCGTATGCCGTCTTCTGCTTG
H6,1,8,H6_DNAStablePCR_65_Run57,65,"21,601",AATGATACGGCGACCACCGAGATCTACAC,GAATTCGT,ACACTCTTTCCCTACACGACGCTCTTCCGATCT,25N,TTCGTTCGTCGTTGATTGGT,110,AAACGGAGCCATGAGTTTGT,TGCCAATGGAAGTTTCGTGA,GTACTGAC,ATCTCGTATGCCGTCTTCTGCTTG
H7,1,8,H7_DNAStablePCR_75_Run57,75,"21,601",AATGATACGGCGACCACCGAGATCTACAC,CTGAAGCT,ACACTCTTTCCCTACACGACGCTCTTCCGATCT,25N,TTCGTTCGTCGTTGATTGGT,110,AAACGGAGCCATGAGTTTGT,TGCCAATGGAAGTTTCGTGA,GTACTGAC,ATCTCGTATGCCGTCTTCTGCTTG
H8,1,8,H8_DNAStablePCR_75_Run57,75,"21,601",AATGATACGGCGACCACCGAGATCTACAC,TAATGCGC,ACACTCTTTCCCTACACGACGCTCTTCCGATCT,25N,TTCGTTCGTCGTTGATTGGT,110,AAACGGAGCCATGAGTTTGT,TGCCAATGGAAGTTTCGTGA,GTACTGAC,ATCTCGTATGCCGTCTTCTGCTTG
H9,1,8,H9_DNAStablePCR_75_Run57,75,"21,601",AATGATACGGCGACCACCGAGATCTACAC,CGGCTATG,ACACTCTTTCCCTACACGACGCTCTTCCGATCT,25N,TTCGTTCGTCGTTGATTGGT,110,AAACGGAGCCATGAGTTTGT,TGCCAATGGAAGTTTCGTGA,GTACTGAC,ATCTCGTATGCCGTCTTCTGCTTG
H11,1,8,H11_DNAStablePCR_85_Run57,85,"21,601",AATGATACGGCGACCACCGAGATCTACAC,TCTCGCGC,ACACTCTTTCCCTACACGACGCTCTTCCGATCT,25N,TTCGTTCGTCGTTGATTGGT,110,AAACGGAGCCATGAGTTTGT,TGCCAATGGAAGTTTCGTGA,GTACTGAC,ATCTCGTATGCCGTCTTCTGCTTG
H12,1,8,H12_DNAStablePCR_85_Run57,85,"21,601",AATGATACGGCGACCACCGAGATCTACAC,AGCGATAG,ACACTCTTTCCCTACACGACGCTCTTCCGATCT,25N,TTCGTTCGTCGTTGATTGGT,110,AAACGGAGCCATGAGTTTGT,TGCCAATGGAAGTTTCGTGA,GTACTGAC,ATCTCGTATGCCGTCTTCTGCTTG
