Pool,File,Index,Name in BaseSpace,# of Reads,# of oligos,Front Illumina adapter,Front Index,Front Primer Sequence,Randomized Region,Front File ID,Payload,Back File ID,Back Primer Sequence,Back Index,Back Illumina Adapter ,
1,8,A1,A1_Imagene_65_Run_60,2160100,21601,AATGATACGGCGACCACCGAGATCTACAC,,ACACTCTTTCCCTACACGACGCTCTTCCGATCT,25N,TTCGTTCGTCGTTGATTGGT,110,AAACGGAGCCATGAGTTTGT,TGCCAATGGAAGTTTCGTGA,,ATCTCGTATGCCGTCTTCTGCTTG,
1,8,A2,A2_Imagene_65_Run_60,2160100,21601,AATGATACGGCGACCACCGAGATCTACAC,,ACACTCTTTCCCTACACGACGCTCTTCCGATCT,25N,TTCGTTCGTCGTTGATTGGT,110,AAACGGAGCCATGAGTTTGT,TGCCAATGGAAGTTTCGTGA,,ATCTCGTATGCCGTCTTCTGCTTG,
1,8,A3,A3_Imagene_65_Run_60,2160100,21601,AATGATACGGCGACCACCGAGATCTACAC,,ACACTCTTTCCCTACACGACGCTCTTCCGATCT,25N,TTCGTTCGTCGTTGATTGGT,110,AAACGGAGCCATGAGTTTGT,TGCCAATGGAAGTTTCGTGA,,ATCTCGTATGCCGTCTTCTGCTTG,
1,8,A4,A4_Imagene_75_Run_60,2160100,21601,AATGATACGGCGACCACCGAGATCTACAC,,ACACTCTTTCCCTACACGACGCTCTTCCGATCT,25N,TTCGTTCGTCGTTGATTGGT,110,AAACGGAGCCATGAGTTTGT,TGCCAATGGAAGTTTCGTGA,,ATCTCGTATGCCGTCTTCTGCTTG,
1,8,A5,A5_Imagene_75_Run_60,2160100,21601,AATGATACGGCGACCACCGAGATCTACAC,,ACACTCTTTCCCTACACGACGCTCTTCCGATCT,25N,TTCGTTCGTCGTTGATTGGT,110,AAACGGAGCCATGAGTTTGT,TGCCAATGGAAGTTTCGTGA,,ATCTCGTATGCCGTCTTCTGCTTG,
1,8,A6,A6_Imagene_75_Run_60,2160100,21601,AATGATACGGCGACCACCGAGATCTACAC,,ACACTCTTTCCCTACACGACGCTCTTCCGATCT,25N,TTCGTTCGTCGTTGATTGGT,110,AAACGGAGCCATGAGTTTGT,TGCCAATGGAAGTTTCGTGA,,ATCTCGTATGCCGTCTTCTGCTTG,
1,8,A7,A7_Imagene_85_Run_60,2160100,21601,AATGATACGGCGACCACCGAGATCTACAC,,ACACTCTTTCCCTACACGACGCTCTTCCGATCT,25N,TTCGTTCGTCGTTGATTGGT,110,AAACGGAGCCATGAGTTTGT,TGCCAATGGAAGTTTCGTGA,,ATCTCGTATGCCGTCTTCTGCTTG,
1,8,A8,A8_Imagene_85_Run_60,2160100,21601,AATGATACGGCGACCACCGAGATCTACAC,,ACACTCTTTCCCTACACGACGCTCTTCCGATCT,25N,TTCGTTCGTCGTTGATTGGT,110,AAACGGAGCCATGAGTTTGT,TGCCAATGGAAGTTTCGTGA,,ATCTCGTATGCCGTCTTCTGCTTG,
1,8,A9,A9_Imagene_85_Run_60,2160100,21601,AATGATACGGCGACCACCGAGATCTACAC,,ACACTCTTTCCCTACACGACGCTCTTCCGATCT,25N,TTCGTTCGTCGTTGATTGGT,110,AAACGGAGCCATGAGTTTGT,TGCCAATGGAAGTTTCGTGA,,ATCTCGTATGCCGTCTTCTGCTTG,
1,8,C1,C1_Sugars_65_Run_60,2160100,21601,AATGATACGGCGACCACCGAGATCTACAC,,ACACTCTTTCCCTACACGACGCTCTTCCGATCT,25N,TTCGTTCGTCGTTGATTGGT,110,AAACGGAGCCATGAGTTTGT,TGCCAATGGAAGTTTCGTGA,,ATCTCGTATGCCGTCTTCTGCTTG,
1,8,C2,C2_Sugars_65_Run_60,2160100,21601,AATGATACGGCGACCACCGAGATCTACAC,,ACACTCTTTCCCTACACGACGCTCTTCCGATCT,25N,TTCGTTCGTCGTTGATTGGT,110,AAACGGAGCCATGAGTTTGT,TGCCAATGGAAGTTTCGTGA,,ATCTCGTATGCCGTCTTCTGCTTG,
1,8,C3,C3_Sugars_65_Run_60,2160100,21601,AATGATACGGCGACCACCGAGATCTACAC,,ACACTCTTTCCCTACACGACGCTCTTCCGATCT,25N,TTCGTTCGTCGTTGATTGGT,110,AAACGGAGCCATGAGTTTGT,TGCCAATGGAAGTTTCGTGA,,ATCTCGTATGCCGTCTTCTGCTTG,
1,8,C5,C5_Sugars_75_Run_60,2160100,21601,AATGATACGGCGACCACCGAGATCTACAC,,ACACTCTTTCCCTACACGACGCTCTTCCGATCT,25N,TTCGTTCGTCGTTGATTGGT,110,AAACGGAGCCATGAGTTTGT,TGCCAATGGAAGTTTCGTGA,,ATCTCGTATGCCGTCTTCTGCTTG,
1,8,C10,C10_Trehalose_65_Run_60,2160100,21601,AATGATACGGCGACCACCGAGATCTACAC,,ACACTCTTTCCCTACACGACGCTCTTCCGATCT,25N,TTCGTTCGTCGTTGATTGGT,110,AAACGGAGCCATGAGTTTGT,TGCCAATGGAAGTTTCGTGA,,ATCTCGTATGCCGTCTTCTGCTTG,
1,8,C11,C11_Trehalose_65_Run_60,2160100,21601,AATGATACGGCGACCACCGAGATCTACAC,,ACACTCTTTCCCTACACGACGCTCTTCCGATCT,25N,TTCGTTCGTCGTTGATTGGT,110,AAACGGAGCCATGAGTTTGT,TGCCAATGGAAGTTTCGTGA,,ATCTCGTATGCCGTCTTCTGCTTG,
1,8,C12,C12_Trehalose_65_Run_60,2160100,21601,AATGATACGGCGACCACCGAGATCTACAC,,ACACTCTTTCCCTACACGACGCTCTTCCGATCT,25N,TTCGTTCGTCGTTGATTGGT,110,AAACGGAGCCATGAGTTTGT,TGCCAATGGAAGTTTCGTGA,,ATCTCGTATGCCGTCTTCTGCTTG,
1,8,D1,D1_Trehalose_75_Run_60,2160100,21601,AATGATACGGCGACCACCGAGATCTACAC,,ACACTCTTTCCCTACACGACGCTCTTCCGATCT,25N,TTCGTTCGTCGTTGATTGGT,110,AAACGGAGCCATGAGTTTGT,TGCCAATGGAAGTTTCGTGA,,ATCTCGTATGCCGTCTTCTGCTTG,
1,8,D2,D2_Trehalose_75_Run_60,2160100,21601,AATGATACGGCGACCACCGAGATCTACAC,,ACACTCTTTCCCTACACGACGCTCTTCCGATCT,25N,TTCGTTCGTCGTTGATTGGT,110,AAACGGAGCCATGAGTTTGT,TGCCAATGGAAGTTTCGTGA,,ATCTCGTATGCCGTCTTCTGCTTG,
1,8,D3,D3_Trehalose_75_Run_60,2160100,21601,AATGATACGGCGACCACCGAGATCTACAC,,ACACTCTTTCCCTACACGACGCTCTTCCGATCT,25N,TTCGTTCGTCGTTGATTGGT,110,AAACGGAGCCATGAGTTTGT,TGCCAATGGAAGTTTCGTGA,,ATCTCGTATGCCGTCTTCTGCTTG,
1,8,D7,D7_Filterpaper_65_Run_60,2160100,21601,AATGATACGGCGACCACCGAGATCTACAC,,ACACTCTTTCCCTACACGACGCTCTTCCGATCT,25N,TTCGTTCGTCGTTGATTGGT,110,AAACGGAGCCATGAGTTTGT,TGCCAATGGAAGTTTCGTGA,,ATCTCGTATGCCGTCTTCTGCTTG,
1,8,D11,D11_Filterpaper_75_Run_60,2160100,21601,AATGATACGGCGACCACCGAGATCTACAC,,ACACTCTTTCCCTACACGACGCTCTTCCGATCT,25N,TTCGTTCGTCGTTGATTGGT,110,AAACGGAGCCATGAGTTTGT,TGCCAATGGAAGTTTCGTGA,,ATCTCGTATGCCGTCTTCTGCTTG,
1,8,D12,D12_Filterpaper_75_Run_60,2160100,21601,AATGATACGGCGACCACCGAGATCTACAC,,ACACTCTTTCCCTACACGACGCTCTTCCGATCT,25N,TTCGTTCGTCGTTGATTGGT,110,AAACGGAGCCATGAGTTTGT,TGCCAATGGAAGTTTCGTGA,,ATCTCGTATGCCGTCTTCTGCTTG,
1,8,E1,E1_BeadsDNAStable_65_Run_60,2160100,21601,AATGATACGGCGACCACCGAGATCTACAC,,ACACTCTTTCCCTACACGACGCTCTTCCGATCT,25N,TTCGTTCGTCGTTGATTGGT,110,AAACGGAGCCATGAGTTTGT,TGCCAATGGAAGTTTCGTGA,,ATCTCGTATGCCGTCTTCTGCTTG,
1,8,E2,E2_BeadsDNAStable_65_Run_60,2160100,21601,AATGATACGGCGACCACCGAGATCTACAC,,ACACTCTTTCCCTACACGACGCTCTTCCGATCT,25N,TTCGTTCGTCGTTGATTGGT,110,AAACGGAGCCATGAGTTTGT,TGCCAATGGAAGTTTCGTGA,,ATCTCGTATGCCGTCTTCTGCTTG,
1,8,E3,E3_BeadsDNAStable_65_Run_60,2160100,21601,AATGATACGGCGACCACCGAGATCTACAC,,ACACTCTTTCCCTACACGACGCTCTTCCGATCT,25N,TTCGTTCGTCGTTGATTGGT,110,AAACGGAGCCATGAGTTTGT,TGCCAATGGAAGTTTCGTGA,,ATCTCGTATGCCGTCTTCTGCTTG,
1,8,E4,E4_BeadsDNAStable_75_Run_60,2160100,21601,AATGATACGGCGACCACCGAGATCTACAC,,ACACTCTTTCCCTACACGACGCTCTTCCGATCT,25N,TTCGTTCGTCGTTGATTGGT,110,AAACGGAGCCATGAGTTTGT,TGCCAATGGAAGTTTCGTGA,,ATCTCGTATGCCGTCTTCTGCTTG,
1,8,E5,E5_BeadsDNAStable_75_Run_60,2160100,21601,AATGATACGGCGACCACCGAGATCTACAC,,ACACTCTTTCCCTACACGACGCTCTTCCGATCT,25N,TTCGTTCGTCGTTGATTGGT,110,AAACGGAGCCATGAGTTTGT,TGCCAATGGAAGTTTCGTGA,,ATCTCGTATGCCGTCTTCTGCTTG,
1,8,E6,E6_BeadsDNAStable_75_Run_60,2160100,21601,AATGATACGGCGACCACCGAGATCTACAC,,ACACTCTTTCCCTACACGACGCTCTTCCGATCT,25N,TTCGTTCGTCGTTGATTGGT,110,AAACGGAGCCATGAGTTTGT,TGCCAATGGAAGTTTCGTGA,,ATCTCGTATGCCGTCTTCTGCTTG,
1,8,F10,F10_DNAStable_65_Run_60,2160100,21601,AATGATACGGCGACCACCGAGATCTACAC,,ACACTCTTTCCCTACACGACGCTCTTCCGATCT,25N,TTCGTTCGTCGTTGATTGGT,110,AAACGGAGCCATGAGTTTGT,TGCCAATGGAAGTTTCGTGA,,ATCTCGTATGCCGTCTTCTGCTTG,
1,8,F11,F11_DNAStable_65_Run_60,2160100,21601,AATGATACGGCGACCACCGAGATCTACAC,,ACACTCTTTCCCTACACGACGCTCTTCCGATCT,25N,TTCGTTCGTCGTTGATTGGT,110,AAACGGAGCCATGAGTTTGT,TGCCAATGGAAGTTTCGTGA,,ATCTCGTATGCCGTCTTCTGCTTG,
1,8,F12,F12_DNAStable_65_Run_60,2160100,21601,AATGATACGGCGACCACCGAGATCTACAC,,ACACTCTTTCCCTACACGACGCTCTTCCGATCT,25N,TTCGTTCGTCGTTGATTGGT,110,AAACGGAGCCATGAGTTTGT,TGCCAATGGAAGTTTCGTGA,,ATCTCGTATGCCGTCTTCTGCTTG,
1,8,G1,G1_DNAStable_75_Run_60,2160100,21601,AATGATACGGCGACCACCGAGATCTACAC,,ACACTCTTTCCCTACACGACGCTCTTCCGATCT,25N,TTCGTTCGTCGTTGATTGGT,110,AAACGGAGCCATGAGTTTGT,TGCCAATGGAAGTTTCGTGA,,ATCTCGTATGCCGTCTTCTGCTTG,
1,8,G2,G2_DNAStable_75_Run_60,2160100,21601,AATGATACGGCGACCACCGAGATCTACAC,,ACACTCTTTCCCTACACGACGCTCTTCCGATCT,25N,TTCGTTCGTCGTTGATTGGT,110,AAACGGAGCCATGAGTTTGT,TGCCAATGGAAGTTTCGTGA,,ATCTCGTATGCCGTCTTCTGCTTG,
1,8,G3,G3_DNAStable_75_Run_60,2160100,21601,AATGATACGGCGACCACCGAGATCTACAC,,ACACTCTTTCCCTACACGACGCTCTTCCGATCT,25N,TTCGTTCGTCGTTGATTGGT,110,AAACGGAGCCATGAGTTTGT,TGCCAATGGAAGTTTCGTGA,,ATCTCGTATGCCGTCTTCTGCTTG,
1,8,G7,G7_Gentegra_65_Run_60,2160100,21601,AATGATACGGCGACCACCGAGATCTACAC,,ACACTCTTTCCCTACACGACGCTCTTCCGATCT,25N,TTCGTTCGTCGTTGATTGGT,110,AAACGGAGCCATGAGTTTGT,TGCCAATGGAAGTTTCGTGA,,ATCTCGTATGCCGTCTTCTGCTTG,
1,8,G8,G8_Gentegra_65_Run_60,2160100,21601,AATGATACGGCGACCACCGAGATCTACAC,,ACACTCTTTCCCTACACGACGCTCTTCCGATCT,25N,TTCGTTCGTCGTTGATTGGT,110,AAACGGAGCCATGAGTTTGT,TGCCAATGGAAGTTTCGTGA,,ATCTCGTATGCCGTCTTCTGCTTG,
1,8,G9,G9_Gentegra_65_Run_60,2160100,21601,AATGATACGGCGACCACCGAGATCTACAC,,ACACTCTTTCCCTACACGACGCTCTTCCGATCT,25N,TTCGTTCGTCGTTGATTGGT,110,AAACGGAGCCATGAGTTTGT,TGCCAATGGAAGTTTCGTGA,,ATCTCGTATGCCGTCTTCTGCTTG,
1,8,G10,G10_Gentegra_75_Run_60,2160100,21601,AATGATACGGCGACCACCGAGATCTACAC,,ACACTCTTTCCCTACACGACGCTCTTCCGATCT,25N,TTCGTTCGTCGTTGATTGGT,110,AAACGGAGCCATGAGTTTGT,TGCCAATGGAAGTTTCGTGA,,ATCTCGTATGCCGTCTTCTGCTTG,
1,8,G11,G11_Gentegra_75_Run_60,2160100,21601,AATGATACGGCGACCACCGAGATCTACAC,,ACACTCTTTCCCTACACGACGCTCTTCCGATCT,25N,TTCGTTCGTCGTTGATTGGT,110,AAACGGAGCCATGAGTTTGT,TGCCAATGGAAGTTTCGTGA,,ATCTCGTATGCCGTCTTCTGCTTG,
1,8,G12,G12_Gentegra_75_Run_60,2160100,21601,AATGATACGGCGACCACCGAGATCTACAC,,ACACTCTTTCCCTACACGACGCTCTTCCGATCT,25N,TTCGTTCGTCGTTGATTGGT,110,AAACGGAGCCATGAGTTTGT,TGCCAATGGAAGTTTCGTGA,,ATCTCGTATGCCGTCTTCTGCTTG,
1,8,H4,H4_PCRDNAStable_65_Run_60,2160100,21601,AATGATACGGCGACCACCGAGATCTACAC,,ACACTCTTTCCCTACACGACGCTCTTCCGATCT,25N,TTCGTTCGTCGTTGATTGGT,110,AAACGGAGCCATGAGTTTGT,TGCCAATGGAAGTTTCGTGA,,ATCTCGTATGCCGTCTTCTGCTTG,
1,8,H5,H5_PCRDNAStable_65_Run_60,2160100,21601,AATGATACGGCGACCACCGAGATCTACAC,,ACACTCTTTCCCTACACGACGCTCTTCCGATCT,25N,TTCGTTCGTCGTTGATTGGT,110,AAACGGAGCCATGAGTTTGT,TGCCAATGGAAGTTTCGTGA,,ATCTCGTATGCCGTCTTCTGCTTG,
1,8,H6,H6_PCRDNAStable_65_Run_60,2160100,21601,AATGATACGGCGACCACCGAGATCTACAC,,ACACTCTTTCCCTACACGACGCTCTTCCGATCT,25N,TTCGTTCGTCGTTGATTGGT,110,AAACGGAGCCATGAGTTTGT,TGCCAATGGAAGTTTCGTGA,,ATCTCGTATGCCGTCTTCTGCTTG,
1,8,H7,H7_PCRDNAStable_75_Run_60,2160100,21601,AATGATACGGCGACCACCGAGATCTACAC,,ACACTCTTTCCCTACACGACGCTCTTCCGATCT,25N,TTCGTTCGTCGTTGATTGGT,110,AAACGGAGCCATGAGTTTGT,TGCCAATGGAAGTTTCGTGA,,ATCTCGTATGCCGTCTTCTGCTTG,
1,8,H8,H8_PCRDNAStable_75_Run_60,2160100,21601,AATGATACGGCGACCACCGAGATCTACAC,,ACACTCTTTCCCTACACGACGCTCTTCCGATCT,25N,TTCGTTCGTCGTTGATTGGT,110,AAACGGAGCCATGAGTTTGT,TGCCAATGGAAGTTTCGTGA,,ATCTCGTATGCCGTCTTCTGCTTG,
1,8,H9,H9_PCRDNAStable_75_Run_60,2160100,21601,AATGATACGGCGACCACCGAGATCTACAC,,ACACTCTTTCCCTACACGACGCTCTTCCGATCT,25N,TTCGTTCGTCGTTGATTGGT,110,AAACGGAGCCATGAGTTTGT,TGCCAATGGAAGTTTCGTGA,,ATCTCGTATGCCGTCTTCTGCTTG,
1,8,H10,H10_PCRDNAStable_85_Run_60,2160100,21601,AATGATACGGCGACCACCGAGATCTACAC,,ACACTCTTTCCCTACACGACGCTCTTCCGATCT,25N,TTCGTTCGTCGTTGATTGGT,110,AAACGGAGCCATGAGTTTGT,TGCCAATGGAAGTTTCGTGA,,ATCTCGTATGCCGTCTTCTGCTTG,
1,8,H11,H11_PCRDNAStable_85_Run_60,2160100,21601,AATGATACGGCGACCACCGAGATCTACAC,,ACACTCTTTCCCTACACGACGCTCTTCCGATCT,25N,TTCGTTCGTCGTTGATTGGT,110,AAACGGAGCCATGAGTTTGT,TGCCAATGGAAGTTTCGTGA,,ATCTCGTATGCCGTCTTCTGCTTG,
1,8,H12,H12_PCRDNAStable_85_Run_60,2160100,21601,AATGATACGGCGACCACCGAGATCTACAC,,ACACTCTTTCCCTACACGACGCTCTTCCGATCT,25N,TTCGTTCGTCGTTGATTGGT,110,AAACGGAGCCATGAGTTTGT,TGCCAATGGAAGTTTCGTGA,,ATCTCGTATGCCGTCTTCTGCTTG,
2,15,A1,A1_Imagene_65_Run_60,737300,7373,AATGATACGGCGACCACCGAGATCTACAC,,ACACTCTTTCCCTACACGACGCTCTTCCGATCT,25N,ACATTCCGTGCCATTGGATT,110,TCGGCAAATCGTTCCACAAA,TGCCAATGGAAGTTTCGTGA,,ATCTCGTATGCCGTCTTCTGCTTG,
2,15,A2,A2_Imagene_65_Run_60,737300,7373,AATGATACGGCGACCACCGAGATCTACAC,,ACACTCTTTCCCTACACGACGCTCTTCCGATCT,25N,ACATTCCGTGCCATTGGATT,110,TCGGCAAATCGTTCCACAAA,TGCCAATGGAAGTTTCGTGA,,ATCTCGTATGCCGTCTTCTGCTTG,
2,15,A3,A3_Imagene_65_Run_60,737300,7373,AATGATACGGCGACCACCGAGATCTACAC,,ACACTCTTTCCCTACACGACGCTCTTCCGATCT,25N,ACATTCCGTGCCATTGGATT,110,TCGGCAAATCGTTCCACAAA,TGCCAATGGAAGTTTCGTGA,,ATCTCGTATGCCGTCTTCTGCTTG,
2,15,A4,A4_Imagene_75_Run_60,737300,7373,AATGATACGGCGACCACCGAGATCTACAC,,ACACTCTTTCCCTACACGACGCTCTTCCGATCT,25N,ACATTCCGTGCCATTGGATT,110,TCGGCAAATCGTTCCACAAA,TGCCAATGGAAGTTTCGTGA,,ATCTCGTATGCCGTCTTCTGCTTG,
2,15,A5,A5_Imagene_75_Run_60,737300,7373,AATGATACGGCGACCACCGAGATCTACAC,,ACACTCTTTCCCTACACGACGCTCTTCCGATCT,25N,ACATTCCGTGCCATTGGATT,110,TCGGCAAATCGTTCCACAAA,TGCCAATGGAAGTTTCGTGA,,ATCTCGTATGCCGTCTTCTGCTTG,
2,15,A6,A6_Imagene_75_Run_60,737300,7373,AATGATACGGCGACCACCGAGATCTACAC,,ACACTCTTTCCCTACACGACGCTCTTCCGATCT,25N,ACATTCCGTGCCATTGGATT,110,TCGGCAAATCGTTCCACAAA,TGCCAATGGAAGTTTCGTGA,,ATCTCGTATGCCGTCTTCTGCTTG,
2,15,A7,A7_Imagene_85_Run_60,737300,7373,AATGATACGGCGACCACCGAGATCTACAC,,ACACTCTTTCCCTACACGACGCTCTTCCGATCT,25N,ACATTCCGTGCCATTGGATT,110,TCGGCAAATCGTTCCACAAA,TGCCAATGGAAGTTTCGTGA,,ATCTCGTATGCCGTCTTCTGCTTG,
2,15,A8,A8_Imagene_85_Run_60,737300,7373,AATGATACGGCGACCACCGAGATCTACAC,,ACACTCTTTCCCTACACGACGCTCTTCCGATCT,25N,ACATTCCGTGCCATTGGATT,110,TCGGCAAATCGTTCCACAAA,TGCCAATGGAAGTTTCGTGA,,ATCTCGTATGCCGTCTTCTGCTTG,
2,15,A9,A9_Imagene_85_Run_60,737300,7373,AATGATACGGCGACCACCGAGATCTACAC,,ACACTCTTTCCCTACACGACGCTCTTCCGATCT,25N,ACATTCCGTGCCATTGGATT,110,TCGGCAAATCGTTCCACAAA,TGCCAATGGAAGTTTCGTGA,,ATCTCGTATGCCGTCTTCTGCTTG,
2,15,C1,C1_Sugars_65_Run_60,737300,7373,AATGATACGGCGACCACCGAGATCTACAC,,ACACTCTTTCCCTACACGACGCTCTTCCGATCT,25N,ACATTCCGTGCCATTGGATT,110,TCGGCAAATCGTTCCACAAA,TGCCAATGGAAGTTTCGTGA,,ATCTCGTATGCCGTCTTCTGCTTG,
2,15,C2,C2_Sugars_65_Run_60,737300,7373,AATGATACGGCGACCACCGAGATCTACAC,,ACACTCTTTCCCTACACGACGCTCTTCCGATCT,25N,ACATTCCGTGCCATTGGATT,110,TCGGCAAATCGTTCCACAAA,TGCCAATGGAAGTTTCGTGA,,ATCTCGTATGCCGTCTTCTGCTTG,
2,15,C3,C3_Sugars_65_Run_60,737300,7373,AATGATACGGCGACCACCGAGATCTACAC,,ACACTCTTTCCCTACACGACGCTCTTCCGATCT,25N,ACATTCCGTGCCATTGGATT,110,TCGGCAAATCGTTCCACAAA,TGCCAATGGAAGTTTCGTGA,,ATCTCGTATGCCGTCTTCTGCTTG,
2,15,C5,C5_Sugars_75_Run_60,737300,7373,AATGATACGGCGACCACCGAGATCTACAC,,ACACTCTTTCCCTACACGACGCTCTTCCGATCT,25N,ACATTCCGTGCCATTGGATT,110,TCGGCAAATCGTTCCACAAA,TGCCAATGGAAGTTTCGTGA,,ATCTCGTATGCCGTCTTCTGCTTG,
2,15,C10,C10_Trehalose_65_Run_60,737300,7373,AATGATACGGCGACCACCGAGATCTACAC,,ACACTCTTTCCCTACACGACGCTCTTCCGATCT,25N,ACATTCCGTGCCATTGGATT,110,TCGGCAAATCGTTCCACAAA,TGCCAATGGAAGTTTCGTGA,,ATCTCGTATGCCGTCTTCTGCTTG,
2,15,C11,C11_Trehalose_65_Run_60,737300,7373,AATGATACGGCGACCACCGAGATCTACAC,,ACACTCTTTCCCTACACGACGCTCTTCCGATCT,25N,ACATTCCGTGCCATTGGATT,110,TCGGCAAATCGTTCCACAAA,TGCCAATGGAAGTTTCGTGA,,ATCTCGTATGCCGTCTTCTGCTTG,
2,15,C12,C12_Trehalose_65_Run_60,737300,7373,AATGATACGGCGACCACCGAGATCTACAC,,ACACTCTTTCCCTACACGACGCTCTTCCGATCT,25N,ACATTCCGTGCCATTGGATT,110,TCGGCAAATCGTTCCACAAA,TGCCAATGGAAGTTTCGTGA,,ATCTCGTATGCCGTCTTCTGCTTG,
2,15,D1,D1_Trehalose_75_Run_60,737300,7373,AATGATACGGCGACCACCGAGATCTACAC,,ACACTCTTTCCCTACACGACGCTCTTCCGATCT,25N,ACATTCCGTGCCATTGGATT,110,TCGGCAAATCGTTCCACAAA,TGCCAATGGAAGTTTCGTGA,,ATCTCGTATGCCGTCTTCTGCTTG,
2,15,D2,D2_Trehalose_75_Run_60,737300,7373,AATGATACGGCGACCACCGAGATCTACAC,,ACACTCTTTCCCTACACGACGCTCTTCCGATCT,25N,ACATTCCGTGCCATTGGATT,110,TCGGCAAATCGTTCCACAAA,TGCCAATGGAAGTTTCGTGA,,ATCTCGTATGCCGTCTTCTGCTTG,
2,15,D3,D3_Trehalose_75_Run_60,737300,7373,AATGATACGGCGACCACCGAGATCTACAC,,ACACTCTTTCCCTACACGACGCTCTTCCGATCT,25N,ACATTCCGTGCCATTGGATT,110,TCGGCAAATCGTTCCACAAA,TGCCAATGGAAGTTTCGTGA,,ATCTCGTATGCCGTCTTCTGCTTG,
2,15,D7,D7_Filterpaper_65_Run_60,737300,7373,AATGATACGGCGACCACCGAGATCTACAC,,ACACTCTTTCCCTACACGACGCTCTTCCGATCT,25N,ACATTCCGTGCCATTGGATT,110,TCGGCAAATCGTTCCACAAA,TGCCAATGGAAGTTTCGTGA,,ATCTCGTATGCCGTCTTCTGCTTG,
2,15,D11,D11_Filterpaper_75_Run_60,737300,7373,AATGATACGGCGACCACCGAGATCTACAC,,ACACTCTTTCCCTACACGACGCTCTTCCGATCT,25N,ACATTCCGTGCCATTGGATT,110,TCGGCAAATCGTTCCACAAA,TGCCAATGGAAGTTTCGTGA,,ATCTCGTATGCCGTCTTCTGCTTG,
2,15,D12,D12_Filterpaper_75_Run_60,737300,7373,AATGATACGGCGACCACCGAGATCTACAC,,ACACTCTTTCCCTACACGACGCTCTTCCGATCT,25N,ACATTCCGTGCCATTGGATT,110,TCGGCAAATCGTTCCACAAA,TGCCAATGGAAGTTTCGTGA,,ATCTCGTATGCCGTCTTCTGCTTG,
2,15,E1,E1_BeadsDNAStable_65_Run_60,737300,7373,AATGATACGGCGACCACCGAGATCTACAC,,ACACTCTTTCCCTACACGACGCTCTTCCGATCT,25N,ACATTCCGTGCCATTGGATT,110,TCGGCAAATCGTTCCACAAA,TGCCAATGGAAGTTTCGTGA,,ATCTCGTATGCCGTCTTCTGCTTG,
2,15,E2,E2_BeadsDNAStable_65_Run_60,737300,7373,AATGATACGGCGACCACCGAGATCTACAC,,ACACTCTTTCCCTACACGACGCTCTTCCGATCT,25N,ACATTCCGTGCCATTGGATT,110,TCGGCAAATCGTTCCACAAA,TGCCAATGGAAGTTTCGTGA,,ATCTCGTATGCCGTCTTCTGCTTG,
2,15,E3,E3_BeadsDNAStable_65_Run_60,737300,7373,AATGATACGGCGACCACCGAGATCTACAC,,ACACTCTTTCCCTACACGACGCTCTTCCGATCT,25N,ACATTCCGTGCCATTGGATT,110,TCGGCAAATCGTTCCACAAA,TGCCAATGGAAGTTTCGTGA,,ATCTCGTATGCCGTCTTCTGCTTG,
2,15,E4,E4_BeadsDNAStable_75_Run_60,737300,7373,AATGATACGGCGACCACCGAGATCTACAC,,ACACTCTTTCCCTACACGACGCTCTTCCGATCT,25N,ACATTCCGTGCCATTGGATT,110,TCGGCAAATCGTTCCACAAA,TGCCAATGGAAGTTTCGTGA,,ATCTCGTATGCCGTCTTCTGCTTG,
2,15,E5,E5_BeadsDNAStable_75_Run_60,737300,7373,AATGATACGGCGACCACCGAGATCTACAC,,ACACTCTTTCCCTACACGACGCTCTTCCGATCT,25N,ACATTCCGTGCCATTGGATT,110,TCGGCAAATCGTTCCACAAA,TGCCAATGGAAGTTTCGTGA,,ATCTCGTATGCCGTCTTCTGCTTG,
2,15,E6,E6_BeadsDNAStable_75_Run_60,737300,7373,AATGATACGGCGACCACCGAGATCTACAC,,ACACTCTTTCCCTACACGACGCTCTTCCGATCT,25N,ACATTCCGTGCCATTGGATT,110,TCGGCAAATCGTTCCACAAA,TGCCAATGGAAGTTTCGTGA,,ATCTCGTATGCCGTCTTCTGCTTG,
2,15,F10,F10_DNAStable_65_Run_60,737300,7373,AATGATACGGCGACCACCGAGATCTACAC,,ACACTCTTTCCCTACACGACGCTCTTCCGATCT,25N,ACATTCCGTGCCATTGGATT,110,TCGGCAAATCGTTCCACAAA,TGCCAATGGAAGTTTCGTGA,,ATCTCGTATGCCGTCTTCTGCTTG,
2,15,F11,F11_DNAStable_65_Run_60,737300,7373,AATGATACGGCGACCACCGAGATCTACAC,,ACACTCTTTCCCTACACGACGCTCTTCCGATCT,25N,ACATTCCGTGCCATTGGATT,110,TCGGCAAATCGTTCCACAAA,TGCCAATGGAAGTTTCGTGA,,ATCTCGTATGCCGTCTTCTGCTTG,
2,15,F12,F12_DNAStable_65_Run_60,737300,7373,AATGATACGGCGACCACCGAGATCTACAC,,ACACTCTTTCCCTACACGACGCTCTTCCGATCT,25N,ACATTCCGTGCCATTGGATT,110,TCGGCAAATCGTTCCACAAA,TGCCAATGGAAGTTTCGTGA,,ATCTCGTATGCCGTCTTCTGCTTG,
2,15,G1,G1_DNAStable_75_Run_60,737300,7373,AATGATACGGCGACCACCGAGATCTACAC,,ACACTCTTTCCCTACACGACGCTCTTCCGATCT,25N,ACATTCCGTGCCATTGGATT,110,TCGGCAAATCGTTCCACAAA,TGCCAATGGAAGTTTCGTGA,,ATCTCGTATGCCGTCTTCTGCTTG,
2,15,G2,G2_DNAStable_75_Run_60,737300,7373,AATGATACGGCGACCACCGAGATCTACAC,,ACACTCTTTCCCTACACGACGCTCTTCCGATCT,25N,ACATTCCGTGCCATTGGATT,110,TCGGCAAATCGTTCCACAAA,TGCCAATGGAAGTTTCGTGA,,ATCTCGTATGCCGTCTTCTGCTTG,
2,15,G3,G3_DNAStable_75_Run_60,737300,7373,AATGATACGGCGACCACCGAGATCTACAC,,ACACTCTTTCCCTACACGACGCTCTTCCGATCT,25N,ACATTCCGTGCCATTGGATT,110,TCGGCAAATCGTTCCACAAA,TGCCAATGGAAGTTTCGTGA,,ATCTCGTATGCCGTCTTCTGCTTG,
2,15,G7,G7_Gentegra_65_Run_60,737300,7373,AATGATACGGCGACCACCGAGATCTACAC,,ACACTCTTTCCCTACACGACGCTCTTCCGATCT,25N,ACATTCCGTGCCATTGGATT,110,TCGGCAAATCGTTCCACAAA,TGCCAATGGAAGTTTCGTGA,,ATCTCGTATGCCGTCTTCTGCTTG,
2,15,G8,G8_Gentegra_65_Run_60,737300,7373,AATGATACGGCGACCACCGAGATCTACAC,,ACACTCTTTCCCTACACGACGCTCTTCCGATCT,25N,ACATTCCGTGCCATTGGATT,110,TCGGCAAATCGTTCCACAAA,TGCCAATGGAAGTTTCGTGA,,ATCTCGTATGCCGTCTTCTGCTTG,
2,15,G9,G9_Gentegra_65_Run_60,737300,7373,AATGATACGGCGACCACCGAGATCTACAC,,ACACTCTTTCCCTACACGACGCTCTTCCGATCT,25N,ACATTCCGTGCCATTGGATT,110,TCGGCAAATCGTTCCACAAA,TGCCAATGGAAGTTTCGTGA,,ATCTCGTATGCCGTCTTCTGCTTG,
2,15,G10,G10_Gentegra_75_Run_60,737300,7373,AATGATACGGCGACCACCGAGATCTACAC,,ACACTCTTTCCCTACACGACGCTCTTCCGATCT,25N,ACATTCCGTGCCATTGGATT,110,TCGGCAAATCGTTCCACAAA,TGCCAATGGAAGTTTCGTGA,,ATCTCGTATGCCGTCTTCTGCTTG,
2,15,G11,G11_Gentegra_75_Run_60,737300,7373,AATGATACGGCGACCACCGAGATCTACAC,,ACACTCTTTCCCTACACGACGCTCTTCCGATCT,25N,ACATTCCGTGCCATTGGATT,110,TCGGCAAATCGTTCCACAAA,TGCCAATGGAAGTTTCGTGA,,ATCTCGTATGCCGTCTTCTGCTTG,
2,15,G12,G12_Gentegra_75_Run_60,737300,7373,AATGATACGGCGACCACCGAGATCTACAC,,ACACTCTTTCCCTACACGACGCTCTTCCGATCT,25N,ACATTCCGTGCCATTGGATT,110,TCGGCAAATCGTTCCACAAA,TGCCAATGGAAGTTTCGTGA,,ATCTCGTATGCCGTCTTCTGCTTG,
2,15,H4,H4_PCRDNAStable_65_Run_60,737300,7373,AATGATACGGCGACCACCGAGATCTACAC,,ACACTCTTTCCCTACACGACGCTCTTCCGATCT,25N,ACATTCCGTGCCATTGGATT,110,TCGGCAAATCGTTCCACAAA,TGCCAATGGAAGTTTCGTGA,,ATCTCGTATGCCGTCTTCTGCTTG,
2,15,H5,H5_PCRDNAStable_65_Run_60,737300,7373,AATGATACGGCGACCACCGAGATCTACAC,,ACACTCTTTCCCTACACGACGCTCTTCCGATCT,25N,ACATTCCGTGCCATTGGATT,110,TCGGCAAATCGTTCCACAAA,TGCCAATGGAAGTTTCGTGA,,ATCTCGTATGCCGTCTTCTGCTTG,
2,15,H6,H6_PCRDNAStable_65_Run_60,737300,7373,AATGATACGGCGACCACCGAGATCTACAC,,ACACTCTTTCCCTACACGACGCTCTTCCGATCT,25N,ACATTCCGTGCCATTGGATT,110,TCGGCAAATCGTTCCACAAA,TGCCAATGGAAGTTTCGTGA,,ATCTCGTATGCCGTCTTCTGCTTG,
2,15,H7,H7_PCRDNAStable_75_Run_60,737300,7373,AATGATACGGCGACCACCGAGATCTACAC,,ACACTCTTTCCCTACACGACGCTCTTCCGATCT,25N,ACATTCCGTGCCATTGGATT,110,TCGGCAAATCGTTCCACAAA,TGCCAATGGAAGTTTCGTGA,,ATCTCGTATGCCGTCTTCTGCTTG,
2,15,H8,H8_PCRDNAStable_75_Run_60,737300,7373,AATGATACGGCGACCACCGAGATCTACAC,,ACACTCTTTCCCTACACGACGCTCTTCCGATCT,25N,ACATTCCGTGCCATTGGATT,110,TCGGCAAATCGTTCCACAAA,TGCCAATGGAAGTTTCGTGA,,ATCTCGTATGCCGTCTTCTGCTTG,
2,15,H9,H9_PCRDNAStable_75_Run_60,737300,7373,AATGATACGGCGACCACCGAGATCTACAC,,ACACTCTTTCCCTACACGACGCTCTTCCGATCT,25N,ACATTCCGTGCCATTGGATT,110,TCGGCAAATCGTTCCACAAA,TGCCAATGGAAGTTTCGTGA,,ATCTCGTATGCCGTCTTCTGCTTG,
2,15,H10,H10_PCRDNAStable_85_Run_60,737300,7373,AATGATACGGCGACCACCGAGATCTACAC,,ACACTCTTTCCCTACACGACGCTCTTCCGATCT,25N,ACATTCCGTGCCATTGGATT,110,TCGGCAAATCGTTCCACAAA,TGCCAATGGAAGTTTCGTGA,,ATCTCGTATGCCGTCTTCTGCTTG,
2,15,H11,H11_PCRDNAStable_85_Run_60,737300,7373,AATGATACGGCGACCACCGAGATCTACAC,,ACACTCTTTCCCTACACGACGCTCTTCCGATCT,25N,ACATTCCGTGCCATTGGATT,110,TCGGCAAATCGTTCCACAAA,TGCCAATGGAAGTTTCGTGA,,ATCTCGTATGCCGTCTTCTGCTTG,
2,15,H12,H12_PCRDNAStable_85_Run_60,737300,7373,AATGATACGGCGACCACCGAGATCTACAC,,ACACTCTTTCCCTACACGACGCTCTTCCGATCT,25N,ACATTCCGTGCCATTGGATT,110,TCGGCAAATCGTTCCACAAA,TGCCAATGGAAGTTTCGTGA,,ATCTCGTATGCCGTCTTCTGCTTG,